MAE_level,RMSE_level,MAPE_level_pct,MAE_target,RMSE_target
779.2760428968363,1065.4691455550176,45.587440643522,0.4767162112184205,0.5502410384773256
